{
  "__inputs": [
    {
      "name": "DS_PROMETHEUS",
      "label": "Prometheus",
      "description": "",
      "type": "datasource",
      "pluginId": "prometheus",
      "pluginName": "Prometheus"
    }
  ],
  "__requires": [
    {
      "type": "grafana",
      "id": "grafana",
      "name": "Grafana",
      "version": "8.1.2"
    },
    {
      "type": "panel",
      "id": "graph",
      "name": "Graph (old)",
      "version": ""
    },
    {
      "type": "datasource",
      "id": "prometheus",
      "name": "Prometheus",
      "version": "1.0.0"
    }
  ],
  "annotations": {
    "list": [
      {
        "builtIn": 1,
        "datasource": "-- Grafana --",
        "enable": true,
        "hide": true,
        "iconColor": "rgba(0, 211, 255, 1)",
        "name": "Annotations & Alerts",
        "target": {
          "limit": 100,
          "matchAny": false,
          "tags": [],
          "type": "dashboard"
        },
        "type": "dashboard"
      }
    ]
  },
  "editable": true,
  "gnetId": null,
  "graphTooltip": 0,
  "id": null,
  "iteration": 1630601242330,
  "links": [],
  "panels": [
    {
      "aliasColors": {},
      "bars": false,
      "dashLength": 10,
      "dashes": false,
      "datasource": "${DS_PROMETHEUS}",
      "fill": 1,
      "fillGradient": 0,
      "gridPos": {
        "h": 9,
        "w": 12,
        "x": 0,
        "y": 0
      },
      "hiddenSeries": false,
      "id": 2,
      "legend": {
        "avg": false,
        "current": false,
        "max": false,
        "min": false,
        "show": true,
        "total": false,
        "values": false
      },
      "lines": true,
      "linewidth": 1,
      "nullPointMode": "null",
      "options": {
        "alertThreshold": true
      },
      "percentage": false,
      "pluginVersion": "8.1.2",
      "pointradius": 2,
      "points": false,
      "renderer": "flot",
      "seriesOverrides": [],
      "spaceLength": 10,
      "stack": false,
      "steppedLine": false,
      "targets": [
        {
          "exemplar": true,
          "expr": "sum(rate(node_network_receive_bytes_total{instance=~'$node',device=~'$device'}[$interval])*8)",
          "interval": "",
          "legendFormat": "aggregate_receive",
          "queryType": "randomWalk",
          "refId": "A"
        },
        {
          "exemplar": true,
          "expr": "sum(rate(node_network_transmit_bytes_total{instance=~'$node',device=~\"$device\"}[$interval])*8)",
          "hide": false,
          "interval": "",
          "legendFormat": "aggregate_transmit",
          "queryType": "randomWalk",
          "refId": "B"
        },
        {
          "exemplar": true,
          "expr": "rate(node_network_transmit_bytes_total{instance=~'$node',device=~\"$device\"}[$interval])*8",
          "hide": false,
          "interval": "",
          "legendFormat": "{{instance}}_{{device}}_transmit",
          "queryType": "randomWalk",
          "refId": "C"
        },
        {
          "exemplar": true,
          "expr": "rate(node_network_receive_bytes_total{instance=~'$node',device=~'$device'}[$interval])*8",
          "hide": false,
          "interval": "",
          "legendFormat": "{{instance}}_{{device}}_receive",
          "queryType": "randomWalk",
          "refId": "D"
        }
      ],
      "thresholds": [],
      "timeFrom": null,
      "timeRegions": [],
      "timeShift": null,
      "title": "Total Bandwidth",
      "tooltip": {
        "shared": true,
        "sort": 0,
        "value_type": "individual"
      },
      "type": "graph",
      "xaxis": {
        "buckets": null,
        "mode": "time",
        "name": null,
        "show": true,
        "values": []
      },
      "yaxes": [
        {
          "$$hashKey": "object:4285",
          "format": "decbits",
          "label": null,
          "logBase": 1,
          "max": null,
          "min": null,
          "show": true
        },
        {
          "$$hashKey": "object:4286",
          "format": "short",
          "label": "transmit（-）/receive（+）",
          "logBase": 1,
          "max": null,
          "min": null,
          "show": true
        }
      ],
      "yaxis": {
        "align": false,
        "alignLevel": null
      }
    }
  ],
  "schemaVersion": 30,
  "style": "dark",
  "tags": [],
  "templating": {
    "list": [
      {
        "allValue": null,
        "current": {},
        "datasource": "${DS_PROMETHEUS}",
        "definition": "",
        "description": null,
        "error": null,
        "hide": 0,
        "includeAll": false,
        "label": "Origin_prom",
        "multi": false,
        "name": "origin_prometheus",
        "options": [],
        "query": {
          "query": "",
          "refId": "StandardVariableQuery"
        },
        "refresh": 1,
        "regex": "",
        "skipUrlSync": false,
        "sort": 5,
        "type": "query"
      },
      {
        "allValue": null,
        "current": {},
        "datasource": "${DS_PROMETHEUS}",
        "definition": "label_values(node_uname_info{origin_prometheus=~\"$origin_prometheus\"}, job)",
        "description": null,
        "error": null,
        "hide": 0,
        "includeAll": false,
        "label": "JOB",
        "multi": false,
        "name": "job",
        "options": [],
        "query": {
          "query": "label_values(node_uname_info{origin_prometheus=~\"$origin_prometheus\"}, job)",
          "refId": "StandardVariableQuery"
        },
        "refresh": 1,
        "regex": "",
        "skipUrlSync": false,
        "sort": 0,
        "type": "query"
      },
      {
        "allValue": null,
        "current": {},
        "datasource": "${DS_PROMETHEUS}",
        "definition": "label_values(node_uname_info{origin_prometheus=~\"$origin_prometheus\",job=~\"$job\"}, nodename)",
        "description": null,
        "error": null,
        "hide": 0,
        "includeAll": false,
        "label": "Host",
        "multi": true,
        "name": "hostname",
        "options": [],
        "query": {
          "query": "label_values(node_uname_info{origin_prometheus=~\"$origin_prometheus\",job=~\"$job\"}, nodename)",
          "refId": "StandardVariableQuery"
        },
        "refresh": 1,
        "regex": "",
        "skipUrlSync": false,
        "sort": 0,
        "type": "query"
      },
      {
        "allValue": null,
        "current": {},
        "datasource": "${DS_PROMETHEUS}",
        "definition": "label_values(node_uname_info{origin_prometheus=~\"$origin_prometheus\",job=~\"$job\",nodename=~\"$hostname\"},instance)",
        "description": null,
        "error": null,
        "hide": 0,
        "includeAll": false,
        "label": "instance",
        "multi": true,
        "name": "node",
        "options": [],
        "query": {
          "query": "label_values(node_uname_info{origin_prometheus=~\"$origin_prometheus\",job=~\"$job\",nodename=~\"$hostname\"},instance)",
          "refId": "StandardVariableQuery"
        },
        "refresh": 1,
        "regex": "",
        "skipUrlSync": false,
        "sort": 1,
        "type": "query"
      },
      {
        "allValue": null,
        "current": {},
        "datasource": "${DS_PROMETHEUS}",
        "definition": "label_values(node_network_info{origin_prometheus=~\"$origin_prometheus\",device!~'tap.*|veth.*|br.*|docker.*|virbr.*|lo.*|cni.*'},device)",
        "description": null,
        "error": null,
        "hide": 0,
        "includeAll": false,
        "label": "NIC",
        "multi": true,
        "name": "device",
        "options": [],
        "query": {
          "query": "label_values(node_network_info{origin_prometheus=~\"$origin_prometheus\",device!~'tap.*|veth.*|br.*|docker.*|virbr.*|lo.*|cni.*'},device)",
          "refId": "StandardVariableQuery"
        },
        "refresh": 1,
        "regex": "",
        "skipUrlSync": false,
        "sort": 1,
        "type": "query"
      },
      {
        "auto": false,
        "auto_count": 30,
        "auto_min": "10s",
        "current": {
          "selected": false,
          "text": "30s",
          "value": "30s"
        },
        "description": null,
        "error": null,
        "hide": 0,
        "label": "Interval",
        "name": "interval",
        "options": [
          {
            "selected": true,
            "text": "30s",
            "value": "30s"
          },
          {
            "selected": false,
            "text": "1m",
            "value": "1m"
          },
          {
            "selected": false,
            "text": "2m",
            "value": "2m"
          },
          {
            "selected": false,
            "text": "3m",
            "value": "3m"
          },
          {
            "selected": false,
            "text": "5m",
            "value": "5m"
          },
          {
            "selected": false,
            "text": "10m",
            "value": "10m"
          },
          {
            "selected": false,
            "text": "30m",
            "value": "30m"
          }
        ],
        "query": "30s,1m,2m,3m,5m,10m,30m",
        "queryValue": "",
        "refresh": 2,
        "skipUrlSync": false,
        "type": "interval"
      }
    ]
  },
  "time": {
    "from": "now-6h",
    "to": "now"
  },
  "timepicker": {},
  "timezone": "",
  "title": "Total Bandwidth",
  "uid": "ILnVpE4nk",
  "version": 5
}